id,notebook_path,human_category,reviewer,note,claude_suggested_category,claude_reasoning
3,/mnt/c/David/Work/ma-david-keci/output/cloned_repos/5246_Deep-Learning-For-Hackers/00.getting_started.ipynb,,,,tutorial,"Intro chapter of the 'Deep Learning For Hackers' book teaching TensorFlow tensor basics, tensor math, and sampling."
7,"/mnt/c/David/Work/ma-david-keci/output/cloned_repos/5245_nlp-in-practice/cbow_skipgram_subword/Comparison of CBOW, SkipGram and SkipGram with Subword Information.ipynb",,,,machine_learning,Trains and compares CBOW/SkipGram/SkipGram-subword word2vec embedding models on a review dataset.
14,/mnt/c/David/Work/ma-david-keci/output/cloned_repos/5246_Deep-Learning-For-Hackers/05.handling_imbalanced_data.ipynb,,,,tutorial,"'Deep Learning For Hackers' book chapter teaching imbalanced-data handling (missing values, categorical encoding) before a simple model."
41,/mnt/c/David/Work/ma-david-keci/output/cloned_repos/5246_Deep-Learning-For-Hackers/16.image-augmentation.ipynb,,,,tutorial,'Deep Learning For Hackers' book chapter teaching image augmentation techniques with albumentations.
43,/mnt/c/David/Work/ma-david-keci/output/cloned_repos/5246_Deep-Learning-For-Hackers/18.intent-recognition-with-BERT.ipynb,,,,tutorial,'Deep Learning For Hackers' book chapter teaching BERT-based intent recognition with Keras/TensorFlow.
47,/mnt/c/David/Work/ma-david-keci/output/cloned_repos/5251_xMIP/docs/tutorial.ipynb,,,,tutorial,File literally named tutorial.ipynb; walks through xMIP utilities for standardizing CMIP6 model coordinates.
48,/mnt/c/David/Work/ma-david-keci/output/cloned_repos/5251_xMIP/notebooks/.ipynb_checkpoints/parse_area_gn-checkpoint.ipynb,,,,data_preparation,Extracts and parses per-model 'area' metadata across CMIP6 datasets and joins it by source_id (checkpoint duplicate of id 52).
52,/mnt/c/David/Work/ma-david-keci/output/cloned_repos/5251_xMIP/notebooks/parse_area_gn.ipynb,,,,data_preparation,Extracts and parses per-model 'area' metadata across CMIP6 datasets and joins it by source_id.
54,/mnt/c/David/Work/ma-david-keci/output/cloned_repos/5249_Hands-On-Data-Preprocessing-in-Python/Chapter01/Chapter 1.ipynb,,,,tutorial,Textbook chapter ('Hands-On Data Preprocessing in Python') reviewing core NumPy/Pandas/Matplotlib basics with worked examples.
58,/mnt/c/David/Work/ma-david-keci/output/cloned_repos/5249_Hands-On-Data-Preprocessing-in-Python/Chapter03/Chapter 3.ipynb,,,,tutorial,"Textbook chapter walking through reading, plotting, and correlating a small customer dataset."
61,/mnt/c/David/Work/ma-david-keci/output/cloned_repos/5249_Hands-On-Data-Preprocessing-in-Python/Chapter04/Excercises Ch4.ipynb,,,,tutorial,Textbook exercise notebook (databases chapter); mostly displays exercise answer images alongside short written answers.
62,/mnt/c/David/Work/ma-david-keci/output/cloned_repos/5249_Hands-On-Data-Preprocessing-in-Python/Chapter05/Chaper 5 Excercises.ipynb,,,,tutorial,Textbook exercise notebook for a data-visualization chapter; each exercise builds a specific chart type.
74,/mnt/c/David/Work/ma-david-keci/output/cloned_repos/5249_Hands-On-Data-Preprocessing-in-Python/Chapter11/Chaper 11 Excercises.ipynb,,,,tutorial,Textbook exercise notebook for a data-cleaning chapter; each exercise cleans a different sample dataset.
109,/mnt/c/David/Work/ma-david-keci/output/cloned_repos/5253_OpenNMT-Tutorial/2-NMT-Training.ipynb,,,,tutorial,"Second notebook of the OpenNMT tutorial series, walking through preparing data and training an NMT model."
116,/mnt/c/David/Work/ma-david-keci/output/cloned_repos/5258_veridical-flow/notebooks/computational/01_ray_async.ipynb,,,,software_development,"Benchmarks/demonstrates the vflow library's async Ray-based function composition (Vset/AsyncVfunc); no markdown narrative, reads like a library capability test."
124,/mnt/c/David/Work/ma-david-keci/output/cloned_repos/5257_MultiFactor/Single_Factor_Alphalens/Data_download_and_process.ipynb,,,,data_preparation,Downloads and processes industry/index weighting data (RiceQuant) and merges it in preparation for factor backtesting.
130,/mnt/c/David/Work/ma-david-keci/output/cloned_repos/5265_artifacts-tnsm26-cbor-dns-eval/02_background.ipynb,,,,visualization,Generates the CBOR-vs-JSON byte-layout figures (via TikZ) used as background illustrations in the paper.
134,/mnt/c/David/Work/ma-david-keci/output/cloned_repos/5265_artifacts-tnsm26-cbor-dns-eval/04_cbor4dns_eval.ipynb,,,,data_analysis,Runs the paper's CBOR-vs-DNS evaluation methodology on PCAP-derived data and computes/summarizes the results.
149,/mnt/c/David/Work/ma-david-keci/output/cloned_repos/5266_GEDTM30/modeling/tile_example.ipynb,,,,machine_learning,Applies a trained RandomForestRegressor to predict a DTM tile as part of the GEDTM30 global-to-local modeling pipeline.
151,/mnt/c/David/Work/ma-david-keci/output/cloned_repos/5266_GEDTM30/parametrization/002.generate_tiles.ipynb,,,,data_preparation,Generates the regional/other tiling grids (geopandas/shapely) used for fine-resolution land-relief parameterization.
160,/mnt/c/David/Work/ma-david-keci/output/cloned_repos/5286_data-analysis-using-python/Analysis3/.ipynb_checkpoints/Analysis3-checkpoint.ipynb,,,,data_analysis,Computes and compares average vehicle price by fuel type/gearbox from a cleaned dataset.
162,/mnt/c/David/Work/ma-david-keci/output/cloned_repos/5286_data-analysis-using-python/Analysis4/.ipynb_checkpoints/Analysis4-checkpoint.ipynb,,,,data_analysis,Computes and compares average vehicle price by brand and vehicle type.
165,/mnt/c/David/Work/ma-david-keci/output/cloned_repos/5286_data-analysis-using-python/Analysis5/Analysis5.ipynb,,,,data_analysis,"Continues the same vehicle dataset analysis series (generic 'Analysis 5' notebook, same helper-function setup as 160/162)."
176,/mnt/c/David/Work/ma-david-keci/output/cloned_repos/5264_s2froms3/notebooks/Creando un mosaico usando `s2froms3` en Python a partir de imágenes de Sentinel-2.ipynb,,,,tutorial,"Demonstrates (in Spanish) how to use the author's own s2froms3 package to build a Sentinel-2 mosaic, step by step."
180,/mnt/c/David/Work/ma-david-keci/output/cloned_repos/5290_Geographical-Gaussian-Process-Regression/GGPR_ESDA_Chicago.ipynb,,,,machine_learning,Fits and hyperparameter-tunes a Gaussian Process Regression model (with SHAP/geoshapley) on Chicago housing data.
184,/mnt/c/David/Work/ma-david-keci/output/cloned_repos/5292_LilHomie/PricePredictionModel-LinearReg.ipynb,,,,machine_learning,"Builds and evaluates a linear-regression housing price prediction model (feature selection, pipeline, sklearn)."
188,/mnt/c/David/Work/ma-david-keci/output/cloned_repos/5292_LilHomie/TruliaEDA.ipynb,,,,mixed_purpose,"Notebook explicitly combines EDA, visualization, and further data-engineering steps on the housing dataset (per its own title)."
190,/mnt/c/David/Work/ma-david-keci/output/cloned_repos/5321_11_Python_Matplotlib_Module/003_Python_Matplotlib_Exercise_2.ipynb,,,,tutorial,Lecture-series notebook teaching Matplotlib plotting on a small sales dataset.
194,/mnt/c/David/Work/ma-david-keci/output/cloned_repos/5325_Stock-Price-Prediction-Using-LSTM/LSTM_Improved_model(diff_dataset).ipynb,,,,machine_learning,Trains/improves an LSTM model to predict stock prices on a different dataset.
205,/mnt/c/David/Work/ma-david-keci/output/cloned_repos/5331_climate-notebooks/co2_emissions_by_source/co2_emissions_by_source.ipynb,,,,visualization,"Fetches CO2-by-source data and produces a styled (Berlin-U-Bahn-colored) chart; no analysis narrative, just plotting."
206,/mnt/c/David/Work/ma-david-keci/output/cloned_repos/5331_climate-notebooks/daily_sst_north_atlantic/daily_sst_north_atlantic.ipynb,,,,visualization,"Fetches daily sea-surface-temperature data and produces a styled chart; no analysis narrative, just plotting."
217,/mnt/c/David/Work/ma-david-keci/output/cloned_repos/5324_DataViz/3. Mapping.ipynb,,,,tutorial,'Data Visualization' course notebook teaching geographic mapping techniques with cartopy.
218,/mnt/c/David/Work/ma-david-keci/output/cloned_repos/5324_DataViz/4. Seaborn.ipynb,,,,tutorial,'Data Visualization' course notebook teaching Seaborn plotting techniques.
219,/mnt/c/David/Work/ma-david-keci/output/cloned_repos/5347_PreImgAugment.py/scripts/trainSpecBundle.ipynb,,,,machine_learning,Single-cell script that runs a differential-evolution search (via custom UniOpt/Yabox) to optimize an augmentation pipeline.
227,/mnt/c/David/Work/ma-david-keci/output/cloned_repos/5360_Numerical-Simulation-of-JP-10-Water-Combustion-at-High-Pressure/JP10 Cantera.ipynb,,,,simulation,Runs a Cantera opposed-flow combustion simulation for JP-10/water at varying pressures.
232,/mnt/c/David/Work/ma-david-keci/output/cloned_repos/5363_QuantumMemorySim/QM 3.0 - Particle Swarm Optimisation Algorithm - ORCA + Rydberg.ipynb,,,,simulation,Particle Swarm Optimisation-driven simulation of a quantum memory system (ORCA + Rydberg atoms).
236,/mnt/c/David/Work/ma-david-keci/output/cloned_repos/5372_DifferentialAlgebra/gallery/resources/ISSAC-2025/software-demo.ipynb,,,,software_development,'software-demo' notebook showcasing the DifferentialAlgebra package's API for solving differential-algebraic systems.
238,/mnt/c/David/Work/ma-david-keci/output/cloned_repos/5375_sklearn-classification/Data Science Workbook - Census Income Dataset.ipynb,,,,mixed_purpose,"Large workbook explicitly covering data cleaning, feature engineering, imputation, AND classification modeling."
253,/mnt/c/David/Work/ma-david-keci/output/cloned_repos/5369_14923642/dashboard/dashboard.ipynb,,,,visualization,"Builds a multi-component Bokeh dashboard (line plot, etc.) for an accessibility audit."
257,/mnt/c/David/Work/ma-david-keci/output/cloned_repos/5352_12548630/uc1_maintainability_prediction.ipynb,,,,machine_learning,"Trains/evaluates ML models (with ROC/F1 metrics) to predict maintainability against human ground-truth ratings, for a research paper's use case 1."
259,/mnt/c/David/Work/ma-david-keci/output/cloned_repos/5352_12548630/uc2_liability_prediction.ipynb,,,,machine_learning,Same paper's use case 2: trains/evaluates ML models to predict liability against human ground-truth ratings.
261,/mnt/c/David/Work/ma-david-keci/output/cloned_repos/5372_DifferentialAlgebra/gallery/resources/Odelix-2025/The_DenefLipshitz_Algorithm_Supplementary_Material.ipynb,,,,software_development,Supplementary-material notebook demonstrating DifferentialAlgebra package examples for a conference talk/paper (companion to id 236).
264,/mnt/c/David/Work/ma-david-keci/output/cloned_repos/5381_BoggleCV/minimal-pipeline.ipynb,,,,software_development,Builds a minimal OpenCV-based image-processing pipeline (with custom error classes) for detecting a Boggle board.
270,/mnt/c/David/Work/ma-david-keci/output/cloned_repos/5385_yolo-finetune/analysis.ipynb,,,,machine_learning,Fine-tunes and analyzes a YOLOv11 object-detection model on a Roboflow-labelled dataset.
277,/mnt/c/David/Work/ma-david-keci/output/cloned_repos/5393_IQC-URA-Gaussian-beam-simulation/beam_steering.ipynb,,,,simulation,Numerically simulates Gaussian laser beam steering/focusing optics.
282,/mnt/c/David/Work/ma-david-keci/output/cloned_repos/5396_10653704/Jupyter Notebook for training machine learning models.ipynb,,,,machine_learning,Trains linear ML models (with Optuna hyperparameter search) on sensory/rating datasets for a research paper.
285,/mnt/c/David/Work/ma-david-keci/output/cloned_repos/5398_dynamical-Lamb-effect/Dynamical_Lamb_effect_in_a_superconducting_circuit.ipynb,,,,simulation,QuTiP-based numerical simulation of the dynamical Lamb effect in a superconducting circuit.
286,/mnt/c/David/Work/ma-david-keci/output/cloned_repos/5399_fem/fenics/step-09/test_adapt.ipynb,,,,simulation,FEniCS finite-element mesh-adaptation/refinement simulation.
287,/mnt/c/David/Work/ma-david-keci/output/cloned_repos/5396_10653704/SHAP analysis.ipynb,,,,data_analysis,"Computes and visualizes SHAP explanations for an already-trained model (post-hoc analysis, not training)."
290,/mnt/c/David/Work/ma-david-keci/output/cloned_repos/5401_Coupled-Oscillators-and-Nonlinear-Pendulum/Coupled_Oscillators_and_Nonlinear_Pendulum.ipynb,,,,simulation,Numerically solves and simulates coupled-oscillator/nonlinear-pendulum ODEs.
295,/mnt/c/David/Work/ma-david-keci/output/cloned_repos/5407_17239171/Wyrtki_CSLIM_cookbook.ipynb,,,,tutorial,'Cookbook' notebook demonstrating how to fit the author's Wyrtki CSLIM package and apply it to ENSO forecasting.
297,/mnt/c/David/Work/ma-david-keci/output/cloned_repos/5416_get-started-with-JAX/Tutorial_1_JAX_Zero2Hero_Colab.ipynb,,,,tutorial,"First tutorial notebook of the 'get-started-with-JAX' series, teaching JAX basics from a NumPy-familiar viewpoint."
301,/mnt/c/David/Work/ma-david-keci/output/cloned_repos/5417_ecotoxsystems.jl/paper/demo.ipynb,,,,simulation,Demo notebook running the EcotoxSystems.jl individual-based ecological simulation model.
302,/mnt/c/David/Work/ma-david-keci/output/cloned_repos/5388_Estrategia_Tortuga_Coja/notebooks/Estrategia_tortuga_coja_V1.ipynb,,,,software_development,Single large script implementing a systematic trend-following/sentiment trading strategy ('Tortuga Coja').
309,/mnt/c/David/Work/ma-david-keci/output/cloned_repos/5430_python-human-course-2025/notebooks/1_escribir_programas.ipynb,,,,tutorial,"Spanish-language Python course notebook teaching the basics of writing programs (hello world, variables, print)."
316,/mnt/c/David/Work/ma-david-keci/output/cloned_repos/5435_5495619/Exploring_Medical_History_of_British_India-search.ipynb,,,,data_analysis,Uses NLTK to explore/search a historical text corpus (British India medical history documents).
320,/mnt/c/David/Work/ma-david-keci/output/cloned_repos/5438_tzolkin-calendar/Tzolk’in Calender Python Module.ipynb,,,,tutorial,"Demonstrates how to use the tzolkin-calendar Python package/module, step by step."
328,/mnt/c/David/Work/ma-david-keci/output/cloned_repos/5447_pypi-prediction-examples/example.ipynb,,,,tutorial,Quick-start example demonstrating how to use MindsDB/lightwood to predict PyPI package download rates.
332,/mnt/c/David/Work/ma-david-keci/output/cloned_repos/5451_6566768/01_using_jupyter_notebooks.ipynb,,,,tutorial,"Basic orientation notebook teaching how to use Jupyter Notebook itself (cells, shortcuts, execution)."
333,/mnt/c/David/Work/ma-david-keci/output/cloned_repos/5452_Algorithmic-trading-with-IBridgePy-python-Aurokrishnaa/IbridgePy.ipynb,,,,tutorial,Zero code cells; pure markdown walkthrough explaining IBridgePy algorithmic-trading code for learning purposes.
