id,notebook_path,human_category,reviewer,note
3,/mnt/c/David/Work/ma-david-keci/output/cloned_repos/5246_Deep-Learning-For-Hackers/00.getting_started.ipynb,,,
7,"/mnt/c/David/Work/ma-david-keci/output/cloned_repos/5245_nlp-in-practice/cbow_skipgram_subword/Comparison of CBOW, SkipGram and SkipGram with Subword Information.ipynb",,,
14,/mnt/c/David/Work/ma-david-keci/output/cloned_repos/5246_Deep-Learning-For-Hackers/05.handling_imbalanced_data.ipynb,,,
41,/mnt/c/David/Work/ma-david-keci/output/cloned_repos/5246_Deep-Learning-For-Hackers/16.image-augmentation.ipynb,,,
43,/mnt/c/David/Work/ma-david-keci/output/cloned_repos/5246_Deep-Learning-For-Hackers/18.intent-recognition-with-BERT.ipynb,,,
47,/mnt/c/David/Work/ma-david-keci/output/cloned_repos/5251_xMIP/docs/tutorial.ipynb,,,
48,/mnt/c/David/Work/ma-david-keci/output/cloned_repos/5251_xMIP/notebooks/.ipynb_checkpoints/parse_area_gn-checkpoint.ipynb,,,
52,/mnt/c/David/Work/ma-david-keci/output/cloned_repos/5251_xMIP/notebooks/parse_area_gn.ipynb,,,
54,/mnt/c/David/Work/ma-david-keci/output/cloned_repos/5249_Hands-On-Data-Preprocessing-in-Python/Chapter01/Chapter 1.ipynb,,,
58,/mnt/c/David/Work/ma-david-keci/output/cloned_repos/5249_Hands-On-Data-Preprocessing-in-Python/Chapter03/Chapter 3.ipynb,,,
61,/mnt/c/David/Work/ma-david-keci/output/cloned_repos/5249_Hands-On-Data-Preprocessing-in-Python/Chapter04/Excercises Ch4.ipynb,,,
62,/mnt/c/David/Work/ma-david-keci/output/cloned_repos/5249_Hands-On-Data-Preprocessing-in-Python/Chapter05/Chaper 5 Excercises.ipynb,,,
74,/mnt/c/David/Work/ma-david-keci/output/cloned_repos/5249_Hands-On-Data-Preprocessing-in-Python/Chapter11/Chaper 11 Excercises.ipynb,,,
109,/mnt/c/David/Work/ma-david-keci/output/cloned_repos/5253_OpenNMT-Tutorial/2-NMT-Training.ipynb,,,
116,/mnt/c/David/Work/ma-david-keci/output/cloned_repos/5258_veridical-flow/notebooks/computational/01_ray_async.ipynb,,,
124,/mnt/c/David/Work/ma-david-keci/output/cloned_repos/5257_MultiFactor/Single_Factor_Alphalens/Data_download_and_process.ipynb,,,
130,/mnt/c/David/Work/ma-david-keci/output/cloned_repos/5265_artifacts-tnsm26-cbor-dns-eval/02_background.ipynb,,,
134,/mnt/c/David/Work/ma-david-keci/output/cloned_repos/5265_artifacts-tnsm26-cbor-dns-eval/04_cbor4dns_eval.ipynb,,,
149,/mnt/c/David/Work/ma-david-keci/output/cloned_repos/5266_GEDTM30/modeling/tile_example.ipynb,,,
151,/mnt/c/David/Work/ma-david-keci/output/cloned_repos/5266_GEDTM30/parametrization/002.generate_tiles.ipynb,,,
160,/mnt/c/David/Work/ma-david-keci/output/cloned_repos/5286_data-analysis-using-python/Analysis3/.ipynb_checkpoints/Analysis3-checkpoint.ipynb,,,
162,/mnt/c/David/Work/ma-david-keci/output/cloned_repos/5286_data-analysis-using-python/Analysis4/.ipynb_checkpoints/Analysis4-checkpoint.ipynb,,,
165,/mnt/c/David/Work/ma-david-keci/output/cloned_repos/5286_data-analysis-using-python/Analysis5/Analysis5.ipynb,,,
176,/mnt/c/David/Work/ma-david-keci/output/cloned_repos/5264_s2froms3/notebooks/Creando un mosaico usando `s2froms3` en Python a partir de imágenes de Sentinel-2.ipynb,,,
180,/mnt/c/David/Work/ma-david-keci/output/cloned_repos/5290_Geographical-Gaussian-Process-Regression/GGPR_ESDA_Chicago.ipynb,,,
184,/mnt/c/David/Work/ma-david-keci/output/cloned_repos/5292_LilHomie/PricePredictionModel-LinearReg.ipynb,,,
188,/mnt/c/David/Work/ma-david-keci/output/cloned_repos/5292_LilHomie/TruliaEDA.ipynb,,,
190,/mnt/c/David/Work/ma-david-keci/output/cloned_repos/5321_11_Python_Matplotlib_Module/003_Python_Matplotlib_Exercise_2.ipynb,,,
194,/mnt/c/David/Work/ma-david-keci/output/cloned_repos/5325_Stock-Price-Prediction-Using-LSTM/LSTM_Improved_model(diff_dataset).ipynb,,,
205,/mnt/c/David/Work/ma-david-keci/output/cloned_repos/5331_climate-notebooks/co2_emissions_by_source/co2_emissions_by_source.ipynb,,,
206,/mnt/c/David/Work/ma-david-keci/output/cloned_repos/5331_climate-notebooks/daily_sst_north_atlantic/daily_sst_north_atlantic.ipynb,,,
217,/mnt/c/David/Work/ma-david-keci/output/cloned_repos/5324_DataViz/3. Mapping.ipynb,,,
218,/mnt/c/David/Work/ma-david-keci/output/cloned_repos/5324_DataViz/4. Seaborn.ipynb,,,
219,/mnt/c/David/Work/ma-david-keci/output/cloned_repos/5347_PreImgAugment.py/scripts/trainSpecBundle.ipynb,,,
227,/mnt/c/David/Work/ma-david-keci/output/cloned_repos/5360_Numerical-Simulation-of-JP-10-Water-Combustion-at-High-Pressure/JP10 Cantera.ipynb,,,
232,/mnt/c/David/Work/ma-david-keci/output/cloned_repos/5363_QuantumMemorySim/QM 3.0 - Particle Swarm Optimisation Algorithm - ORCA + Rydberg.ipynb,,,
236,/mnt/c/David/Work/ma-david-keci/output/cloned_repos/5372_DifferentialAlgebra/gallery/resources/ISSAC-2025/software-demo.ipynb,,,
238,/mnt/c/David/Work/ma-david-keci/output/cloned_repos/5375_sklearn-classification/Data Science Workbook - Census Income Dataset.ipynb,,,
253,/mnt/c/David/Work/ma-david-keci/output/cloned_repos/5369_14923642/dashboard/dashboard.ipynb,,,
257,/mnt/c/David/Work/ma-david-keci/output/cloned_repos/5352_12548630/uc1_maintainability_prediction.ipynb,,,
259,/mnt/c/David/Work/ma-david-keci/output/cloned_repos/5352_12548630/uc2_liability_prediction.ipynb,,,
261,/mnt/c/David/Work/ma-david-keci/output/cloned_repos/5372_DifferentialAlgebra/gallery/resources/Odelix-2025/The_DenefLipshitz_Algorithm_Supplementary_Material.ipynb,,,
264,/mnt/c/David/Work/ma-david-keci/output/cloned_repos/5381_BoggleCV/minimal-pipeline.ipynb,,,
270,/mnt/c/David/Work/ma-david-keci/output/cloned_repos/5385_yolo-finetune/analysis.ipynb,,,
277,/mnt/c/David/Work/ma-david-keci/output/cloned_repos/5393_IQC-URA-Gaussian-beam-simulation/beam_steering.ipynb,,,
282,/mnt/c/David/Work/ma-david-keci/output/cloned_repos/5396_10653704/Jupyter Notebook for training machine learning models.ipynb,,,
285,/mnt/c/David/Work/ma-david-keci/output/cloned_repos/5398_dynamical-Lamb-effect/Dynamical_Lamb_effect_in_a_superconducting_circuit.ipynb,,,
286,/mnt/c/David/Work/ma-david-keci/output/cloned_repos/5399_fem/fenics/step-09/test_adapt.ipynb,,,
287,/mnt/c/David/Work/ma-david-keci/output/cloned_repos/5396_10653704/SHAP analysis.ipynb,,,
290,/mnt/c/David/Work/ma-david-keci/output/cloned_repos/5401_Coupled-Oscillators-and-Nonlinear-Pendulum/Coupled_Oscillators_and_Nonlinear_Pendulum.ipynb,,,
295,/mnt/c/David/Work/ma-david-keci/output/cloned_repos/5407_17239171/Wyrtki_CSLIM_cookbook.ipynb,,,
297,/mnt/c/David/Work/ma-david-keci/output/cloned_repos/5416_get-started-with-JAX/Tutorial_1_JAX_Zero2Hero_Colab.ipynb,,,
301,/mnt/c/David/Work/ma-david-keci/output/cloned_repos/5417_ecotoxsystems.jl/paper/demo.ipynb,,,
302,/mnt/c/David/Work/ma-david-keci/output/cloned_repos/5388_Estrategia_Tortuga_Coja/notebooks/Estrategia_tortuga_coja_V1.ipynb,,,
309,/mnt/c/David/Work/ma-david-keci/output/cloned_repos/5430_python-human-course-2025/notebooks/1_escribir_programas.ipynb,,,
316,/mnt/c/David/Work/ma-david-keci/output/cloned_repos/5435_5495619/Exploring_Medical_History_of_British_India-search.ipynb,,,
320,/mnt/c/David/Work/ma-david-keci/output/cloned_repos/5438_tzolkin-calendar/Tzolk’in Calender Python Module.ipynb,,,
328,/mnt/c/David/Work/ma-david-keci/output/cloned_repos/5447_pypi-prediction-examples/example.ipynb,,,
332,/mnt/c/David/Work/ma-david-keci/output/cloned_repos/5451_6566768/01_using_jupyter_notebooks.ipynb,,,
333,/mnt/c/David/Work/ma-david-keci/output/cloned_repos/5452_Algorithmic-trading-with-IBridgePy-python-Aurokrishnaa/IbridgePy.ipynb,,,
