"run_id","repository_id","repository","platform","repository_url","run_url","status","duration_seconds","started_at","finished_at","error_message"
"1","3","ncbi/elastic-blast-demos","github","https://github.com/ncbi/elastic-blast-demos","https://github.com/ncbi/elastic-blast-demos","SUCCESS","77.0","2026-02-15 23:51:40","2026-02-15 23:52:57","Repository executed successfully"
"2","6","drorlab/pensa","github","https://github.com/drorlab/pensa","https://github.com/drorlab/pensa","SUCCESS","63.0","2026-02-15 23:52:57","2026-02-15 23:54:00","Repository executed successfully"
"3","8","predictive-clinical-neuroscience/braincharts","github","https://github.com/predictive-clinical-neuroscience/braincharts","https://github.com/predictive-clinical-neuroscience/braincharts","SUCCESS","488.0","2026-02-15 23:54:00","2026-02-16 00:02:08","Repository executed successfully"
"4","9","saigerutherford/evidence_embracing_nm","github","https://github.com/saigerutherford/evidence_embracing_nm","https://github.com/saigerutherford/evidence_embracing_nm","INVALID_REPOSITORY_URL","50.0","2026-02-16 00:02:08","2026-02-16 00:02:58","git ls-remote failed"
"5","10","draeger-lab/pymCADRE","github","https://github.com/draeger-lab/pymCADRE","https://github.com/draeger-lab/pymCADRE","SUCCESS","50.0","2026-02-16 00:02:58","2026-02-16 00:03:48","Repository executed successfully"
"6","11","ICAN-aneurysms/RIA-predict","github","https://github.com/ICAN-aneurysms/RIA-predict","https://github.com/ICAN-aneurysms/RIA-predict","SUCCESS","140.0","2026-02-18 18:08:28","2026-02-18 18:10:48","Repository executed successfully"
"7","14","mdjaffardjy/AnalyseDonneesNextflow","github","https://github.com/mdjaffardjy/AnalyseDonneesNextflow","https://github.com/mdjaffardjy/AnalyseDonneesNextflow","SUCCESS","1546.0","2026-02-16 00:04:41","2026-02-16 00:30:27","Repository executed successfully"
"8","15","mdjaffardjy/Reuse_in_processes","github","https://github.com/mdjaffardjy/Reuse_in_processes","https://github.com/mdjaffardjy/Reuse_in_processes","SUCCESS","62.0","2026-02-16 00:30:52","2026-02-16 00:31:54","Repository executed successfully"
"9","16","ziatdinovmax/gpax","github","https://github.com/ziatdinovmax/gpax","https://github.com/ziatdinovmax/gpax","SUCCESS","3003.0","2026-02-16 00:31:54","2026-02-16 01:21:57","Repository executed successfully"
"10","17","ai4up/eubucco","github","https://github.com/ai4up/eubucco","https://github.com/ai4up/eubucco","SUCCESS","90.0","2026-02-16 01:21:57","2026-02-16 01:23:27","Repository executed successfully"
"11","20","cslab-hub/multiSyncPy","github","https://github.com/cslab-hub/multiSyncPy","https://github.com/cslab-hub/multiSyncPy","SUCCESS","106.0","2026-02-18 18:03:45","2026-02-18 18:05:31","Repository executed successfully"
"12","22","IGGoncalves/PhysiCOOL","github","https://github.com/IGGoncalves/PhysiCOOL","https://github.com/IGGoncalves/PhysiCOOL","SUCCESS","77.0","2026-02-16 01:24:04","2026-02-16 01:25:21","Repository executed successfully"
"13","24","combio-dku/HiCAT","github","https://github.com/combio-dku/HiCAT","https://github.com/combio-dku/HiCAT","SUCCESS","46.0","2026-02-16 01:25:21","2026-02-16 01:26:07","Repository executed successfully"
"14","25","combio-dku/RCTIcollection","github","https://github.com/combio-dku/RCTIcollection","https://github.com/combio-dku/RCTIcollection","NO_PYTHON_NOTEBOOKS","1.0","2026-02-16 01:26:07","2026-02-16 01:26:08","Repository contains only non-Python notebooks"
"15","26","jwrth/xDBiT_toolbox","github","https://github.com/jwrth/xDBiT_toolbox","https://github.com/jwrth/xDBiT_toolbox","KERNEL_NOT_FOUND","481.0","2026-02-16 01:26:08","2026-02-16 01:34:09","Jupyter kernel not found: spatial"
"16","27","bioFAM/mofax","github","https://github.com/bioFAM/mofax","https://github.com/bioFAM/mofax","SUCCESS","160.0","2026-02-16 01:34:09","2026-02-16 01:36:49","Repository executed successfully"
"17","30","ieee8023/covid-chestxray-dataset","github","https://github.com/ieee8023/covid-chestxray-dataset","https://github.com/ieee8023/covid-chestxray-dataset","SUCCESS","402.0","2026-02-16 01:36:49","2026-02-16 01:43:31","Repository executed successfully"
"18","31","mahsan2/Monkeypox-dataset-2022","github","https://github.com/mahsan2/Monkeypox-dataset-2022","https://github.com/mahsan2/Monkeypox-dataset-2022","SUCCESS","102.0","2026-02-16 01:43:31","2026-02-16 01:45:13","Repository executed successfully"
"19","32","carlosvega/DebunkMonkeypoxML","github","https://github.com/carlosvega/DebunkMonkeypoxML","https://github.com/carlosvega/DebunkMonkeypoxML","SUCCESS","353.0","2026-02-16 01:45:13","2026-02-16 01:51:06","Repository executed successfully"
"20","33","Bristol-UNCOVER/Saliva_data_ML_analysis","github","https://github.com/Bristol-UNCOVER/Saliva_data_ML_analysis","https://github.com/Bristol-UNCOVER/Saliva_data_ML_analysis","SUCCESS","38.0","2026-02-16 01:51:07","2026-02-16 01:51:45","Repository executed successfully"
"21","34","miykael/fmriflows","github","https://github.com/miykael/fmriflows","https://github.com/miykael/fmriflows","KERNEL_NOT_FOUND","59.0","2026-02-16 01:51:45","2026-02-16 01:52:44","Jupyter kernel not found: conda-env-mvpa-py"
"22","35","poldracklab/fitlins","github","https://github.com/poldracklab/fitlins","https://github.com/poldracklab/fitlins","SUCCESS","60.0","2026-02-16 01:52:44","2026-02-16 01:53:44","Repository executed successfully"
"23","36","imaginationdykim/2022.CC","github","https://github.com/imaginationdykim/2022.CC","https://github.com/imaginationdykim/2022.CC","SUCCESS","30.0","2026-02-16 01:53:44","2026-02-16 01:54:14","Repository executed successfully"
"24","37","csabaiBio/RBD-AlphaFold2-structures-and-phenotypic-information","github","https://github.com/csabaiBio/RBD-AlphaFold2-structures-and-phenotypic-information","https://github.com/csabaiBio/RBD-AlphaFold2-structures-and-phenotypic-information","SUCCESS","261.0","2026-02-16 01:54:14","2026-02-16 01:58:35","Repository executed successfully"
"25","38","dchary/ucdeconvolve_paper","github","https://github.com/dchary/ucdeconvolve_paper","https://github.com/dchary/ucdeconvolve_paper","KERNEL_NOT_FOUND","518.0","2026-02-16 01:58:35","2026-02-16 02:07:13","Jupyter kernel not found: conda-root-py"
"26","39","dchary/ucdeconvolve","github","https://github.com/dchary/ucdeconvolve","https://github.com/dchary/ucdeconvolve","SUCCESS","105.0","2026-02-16 02:07:13","2026-02-16 02:08:58","Repository executed successfully"
"27","40","heprom/pymicro","github","https://github.com/heprom/pymicro","https://github.com/heprom/pymicro","SUCCESS","358.0","2026-02-18 18:31:45","2026-02-18 18:37:43","Repository executed successfully"
"28","41","FABLE-3DXRD/ImageD11","github","https://github.com/FABLE-3DXRD/ImageD11","https://github.com/FABLE-3DXRD/ImageD11","SUCCESS","115.0","2026-02-16 02:10:13","2026-02-16 02:12:08","Repository executed successfully"
"29","42","hechaohong/nucleu_areas","github","https://github.com/hechaohong/nucleu_areas","https://github.com/hechaohong/nucleu_areas","SUCCESS","18.0","2026-02-16 02:12:08","2026-02-16 02:12:26","Repository executed successfully"
"30","48","Draviam-lab/spinx_local","github","https://github.com/Draviam-lab/spinx_local","https://github.com/Draviam-lab/spinx_local","KERNEL_NOT_FOUND","183.0","2026-02-16 02:12:26","2026-02-16 02:15:29","Jupyter kernel not found: conda-env-ml_env-py"
"31","49","matterport/Mask_RCNN","github","https://github.com/matterport/Mask_RCNN","https://github.com/matterport/Mask_RCNN","SUCCESS","206.0","2026-02-16 02:15:29","2026-02-16 02:18:55","Repository executed successfully"
"32","51","aidelarazan/curbage_recognition","github","https://github.com/aidelarazan/curbage_recognition","https://github.com/aidelarazan/curbage_recognition","SUCCESS","44.0","2026-02-16 02:18:55","2026-02-16 02:19:39","Repository executed successfully"
"33","52","ipdgc/GP2-post-GWAS-analysis","github","https://github.com/ipdgc/GP2-post-GWAS-analysis","https://github.com/ipdgc/GP2-post-GWAS-analysis","SUCCESS","39.0","2026-02-16 02:19:39","2026-02-16 02:20:18","Repository executed successfully"
"34","53","ipdgc/GP2-pathway-enrichment-pipeline","github","https://github.com/ipdgc/GP2-pathway-enrichment-pipeline","https://github.com/ipdgc/GP2-pathway-enrichment-pipeline","KERNEL_NOT_FOUND","26.0","2026-02-16 02:20:18","2026-02-16 02:20:44","Jupyter kernel not found: ir"
"35","55","ipdgc/GP2-network-generation","github","https://github.com/ipdgc/GP2-network-generation","https://github.com/ipdgc/GP2-network-generation","NO_PYTHON_NOTEBOOKS","0.0","2026-02-16 02:20:44","2026-02-16 02:20:44","Repository contains only non-Python notebooks"
"36","57","zmahnoor14/MAW","github","https://github.com/zmahnoor14/MAW","https://github.com/zmahnoor14/MAW","KERNEL_NOT_FOUND","71.0","2026-02-16 02:20:44","2026-02-16 02:21:55","Jupyter kernel not found: mawrpy"
"37","58","zmahnoor14/MAW-Benchmark","github","https://github.com/zmahnoor14/MAW-Benchmark","https://github.com/zmahnoor14/MAW-Benchmark","KERNEL_NOT_FOUND","73.0","2026-02-16 02:21:55","2026-02-16 02:23:08","Jupyter kernel not found: ir"
"38","59","sokrypton/ColabDesign","github","https://github.com/sokrypton/ColabDesign","https://github.com/sokrypton/ColabDesign","SUCCESS","557.0","2026-02-16 02:23:08","2026-02-16 02:32:25","Repository executed successfully"
"39","60","maayanlab/prismexp","github","https://github.com/maayanlab/prismexp","https://github.com/maayanlab/prismexp","SUCCESS","126.0","2026-02-16 07:01:40","2026-02-16 07:03:46","Repository executed successfully"
"40","62","rinikerlab/decapeptides-membrane","github","https://github.com/rinikerlab/decapeptides-membrane","https://github.com/rinikerlab/decapeptides-membrane","KERNEL_NOT_FOUND","27.0","2026-02-16 07:03:46","2026-02-16 07:04:13","Jupyter kernel not found: mdtraj"
"41","65","VladislavNexby/ML","github","https://github.com/VladislavNexby/ML","https://github.com/VladislavNexby/ML","SUCCESS","26.0","2026-02-16 07:04:13","2026-02-16 07:04:39","Repository executed successfully"
"42","66","biorack/omaat","github","https://github.com/biorack/omaat","https://github.com/biorack/omaat","KERNEL_NOT_FOUND","30.0","2026-02-16 07:04:39","2026-02-16 07:05:09","Jupyter kernel not found: conda-root-py"
"43","69","fcphysics/CriticalityHeteroBNets","github","https://github.com/fcphysics/CriticalityHeteroBNets","https://github.com/fcphysics/CriticalityHeteroBNets","SUCCESS","41.0","2026-02-16 07:05:09","2026-02-16 07:05:50","Repository executed successfully"
"44","70","rionbr/CANA","github","https://github.com/rionbr/CANA","https://github.com/rionbr/CANA","SUCCESS","107.0","2026-02-16 07:05:50","2026-02-16 07:07:37","Repository executed successfully"
"45","72","morris-lab/CellOracle","github","https://github.com/morris-lab/CellOracle","https://github.com/morris-lab/CellOracle","SUCCESS","573.0","2026-02-18 21:12:05","2026-02-18 21:21:38","Repository executed successfully"
"46","74","theislab/paga","github","https://github.com/theislab/paga","https://github.com/theislab/paga","KERNEL_NOT_FOUND","89.0","2026-02-16 07:13:32","2026-02-16 07:15:01","Jupyter kernel not found: nowarn"
"47","76","catrionamurray/chromatic_fitting","github","https://github.com/catrionamurray/chromatic_fitting","https://github.com/catrionamurray/chromatic_fitting","KERNEL_NOT_FOUND","201.0","2026-02-16 07:15:02","2026-02-16 07:18:23","Jupyter kernel not found: pycharm-622329cb"
"48","77","zkbt/chromatic","github","https://github.com/zkbt/chromatic","https://github.com/zkbt/chromatic","SUCCESS","127.0","2026-02-16 07:18:24","2026-02-16 07:20:31","Repository executed successfully"
"49","78","spacetelescope/jwst","github","https://github.com/spacetelescope/jwst","https://github.com/spacetelescope/jwst","SUCCESS","13.0","2026-02-16 07:20:31","2026-02-16 07:20:44","Repository executed successfully"
"50","79","BelgianBiodiversityPlatform/data-publication-ITG","github","https://github.com/BelgianBiodiversityPlatform/data-publication-ITG","https://github.com/BelgianBiodiversityPlatform/data-publication-ITG","SUCCESS","90.0","2026-02-16 07:20:44","2026-02-16 07:22:14","Repository executed successfully"
"51","80","feigroup/TVDN","github","https://github.com/feigroup/TVDN","https://github.com/feigroup/TVDN","KERNEL_NOT_FOUND","41.0","2026-02-16 07:22:14","2026-02-16 07:22:55","Jupyter kernel not found: test"
"52","81","kramerlab/lipid_study","github","https://github.com/kramerlab/lipid_study","https://github.com/kramerlab/lipid_study","KERNEL_NOT_FOUND","108.0","2026-02-16 07:22:55","2026-02-16 07:24:43","Jupyter kernel not found: lipid-study"
"53","82","mlcotten13/SARS-CoV-2_spike_charge","github","https://github.com/mlcotten13/SARS-CoV-2_spike_charge","https://github.com/mlcotten13/SARS-CoV-2_spike_charge","SUCCESS","54.0","2026-02-16 07:24:43","2026-02-16 07:25:37","Repository executed successfully"
"54","83","mme-ucl/confined_LLPS","github","https://github.com/mme-ucl/confined_LLPS","https://github.com/mme-ucl/confined_LLPS","SUCCESS","188.0","2026-02-16 07:25:37","2026-02-16 07:28:45","Repository executed successfully"
"55","84","idc9/py_jive","github","https://github.com/idc9/py_jive","https://github.com/idc9/py_jive","SUCCESS","107.0","2026-02-16 07:28:45","2026-02-16 07:30:32","Repository executed successfully"
"56","86","baprice/AJIVE-jDR-Integration","github","https://github.com/baprice/AJIVE-jDR-Integration","https://github.com/baprice/AJIVE-jDR-Integration","SUCCESS","78.0","2026-02-16 07:30:32","2026-02-16 07:31:50","Repository executed successfully"
"57","88","atudell/Color-Cluster-Kit","github","https://github.com/atudell/Color-Cluster-Kit","https://github.com/atudell/Color-Cluster-Kit","SUCCESS","85.0","2026-02-16 07:31:50","2026-02-16 07:33:15","Repository executed successfully"
"58","89","DWALab/Osterlund_et_al_2021_BIK_Localization","github","https://github.com/DWALab/Osterlund_et_al_2021_BIK_Localization","https://github.com/DWALab/Osterlund_et_al_2021_BIK_Localization","KERNEL_NOT_FOUND","110.0","2026-02-16 07:33:15","2026-02-16 07:35:05","Jupyter kernel not found: conda-env-tfgpu-py"
"59","90","MeatYuan/MOS2","github","https://github.com/MeatYuan/MOS2","https://github.com/MeatYuan/MOS2","NO_PYTHON_NOTEBOOKS","1.0","2026-02-16 07:35:05","2026-02-16 07:35:06","Repository contains only non-Python notebooks"
"60","91","ICB-DCM/pyPESTO","github","https://github.com/ICB-DCM/pyPESTO","https://github.com/ICB-DCM/pyPESTO","SUCCESS","144.0","2026-02-18 21:02:43","2026-02-18 21:05:07","Repository executed successfully"
"61","97","PNNL-CompBio/Snekmer","github","https://github.com/PNNL-CompBio/Snekmer","https://github.com/PNNL-CompBio/Snekmer","SUCCESS","123.0","2026-02-16 07:37:17","2026-02-16 07:39:20","Repository executed successfully"
"62","98","feiglab/idpgan","github","https://github.com/feiglab/idpgan","https://github.com/feiglab/idpgan","SUCCESS","379.0","2026-02-16 07:39:20","2026-02-16 07:45:39","Repository executed successfully"
"63","99","zincware/MDSuite","github","https://github.com/zincware/MDSuite","https://github.com/zincware/MDSuite","SUCCESS","198.0","2026-02-16 07:45:39","2026-02-16 07:48:57","Repository executed successfully"
"64","101","vincentpmartin/sleep-content-analysis","github","https://github.com/vincentpmartin/sleep-content-analysis","https://github.com/vincentpmartin/sleep-content-analysis","SUCCESS","65.0","2026-02-16 07:48:57","2026-02-16 07:50:02","Repository executed successfully"
"65","102","mahsa-mirzaei/NMAOP_M-M_wo-ZP-","github","https://github.com/mahsa-mirzaei/NMAOP_M-M_wo-ZP-","https://github.com/mahsa-mirzaei/NMAOP_M-M_wo-ZP-","SUCCESS","450.0","2026-02-18 17:43:14","2026-02-18 17:50:44","Repository executed successfully"
"66","106","aalokpatwa/rasp-mibi","github","https://github.com/aalokpatwa/rasp-mibi","https://github.com/aalokpatwa/rasp-mibi","SUCCESS","157.0","2026-02-16 07:50:06","2026-02-16 07:52:43","Repository executed successfully"
"67","109","gambit4348/deception-detection-review-2022","github","https://github.com/gambit4348/deception-detection-review-2022","https://github.com/gambit4348/deception-detection-review-2022","SUCCESS","104.0","2026-02-16 07:52:43","2026-02-16 07:54:27","Repository executed successfully"
"68","112","Dongwon-Lee/gkmQC-manuscript","github","https://github.com/Dongwon-Lee/gkmQC-manuscript","https://github.com/Dongwon-Lee/gkmQC-manuscript","SUCCESS","101.0","2026-02-16 07:54:27","2026-02-16 07:56:08","Repository executed successfully"
"69","113","VisualNeuroscience-UH/SystemTools","github","https://github.com/VisualNeuroscience-UH/SystemTools","https://github.com/VisualNeuroscience-UH/SystemTools","SUCCESS","237.0","2026-02-16 07:56:08","2026-02-16 08:00:05","Repository executed successfully"
"70","114","VisualNeuroscience-UH/CxSystem2","github","https://github.com/VisualNeuroscience-UH/CxSystem2","https://github.com/VisualNeuroscience-UH/CxSystem2","SUCCESS","188.0","2026-02-16 08:01:27","2026-02-16 08:04:35","Repository executed successfully"
"72","116","isb-cgc/SL-Cloud-F1000","github","https://github.com/isb-cgc/SL-Cloud-F1000","https://github.com/isb-cgc/SL-Cloud-F1000","SUCCESS","449.0","2026-02-16 09:38:54","2026-02-16 09:46:23","Repository executed successfully"
"73","117","atgu/hgdp_tgp","github","https://github.com/atgu/hgdp_tgp","https://github.com/atgu/hgdp_tgp","SUCCESS","279.0","2026-02-16 09:46:24","2026-02-16 09:51:03","Repository executed successfully"
"74","125","rinikerlab/irsa","github","https://github.com/rinikerlab/irsa","https://github.com/rinikerlab/irsa","SUCCESS","139.0","2026-02-16 09:51:03","2026-02-16 09:53:22","Repository executed successfully"
"75","126","mims-harvard/PrimeKG","github","https://github.com/mims-harvard/PrimeKG","https://github.com/mims-harvard/PrimeKG","SUCCESS","641.0","2026-02-16 09:53:22","2026-02-16 10:04:03","Repository executed successfully"
"76","127","gnn4dr/DRKG","github","https://github.com/gnn4dr/DRKG","https://github.com/gnn4dr/DRKG","SUCCESS","674.0","2026-02-16 10:04:03","2026-02-16 10:15:17","Repository executed successfully"
"77","128","aos2/7_Plug_and_play_RNA_Detection","github","https://github.com/aos2/7_Plug_and_play_RNA_Detection","https://github.com/aos2/7_Plug_and_play_RNA_Detection","SUCCESS","137.0","2026-02-16 10:15:17","2026-02-16 10:17:34","Repository executed successfully"
"78","133","cytoscape/ipycytoscape","github","https://github.com/cytoscape/ipycytoscape","https://github.com/cytoscape/ipycytoscape","KERNEL_NOT_FOUND","960.0","2026-02-16 10:17:34","2026-02-16 10:33:34","Jupyter kernel not found: widgets-tutorial"
"79","134","nahitorres/aerialwaste","github","https://github.com/nahitorres/aerialwaste","https://github.com/nahitorres/aerialwaste","SUCCESS","88.0","2026-02-16 10:33:34","2026-02-16 10:35:02","Repository executed successfully"
"80","135","nahitorres/aerialwaste-model","github","https://github.com/nahitorres/aerialwaste-model","https://github.com/nahitorres/aerialwaste-model","SUCCESS","24.0","2026-02-16 10:35:02","2026-02-16 10:35:26","Repository executed successfully"
"81","136","nahitorres/demo-inspection-tool","github","https://github.com/nahitorres/demo-inspection-tool","https://github.com/nahitorres/demo-inspection-tool","SUCCESS","20.0","2026-02-16 10:35:26","2026-02-16 10:35:46","Repository executed successfully"
"82","138","aodn/imos-user-code-library","github","https://github.com/aodn/imos-user-code-library","https://github.com/aodn/imos-user-code-library","SUCCESS","14.0","2026-02-16 10:35:46","2026-02-16 10:36:00","Repository executed successfully"
"83","141","klarman-cell-observatory/skin-ILCs","github","https://github.com/klarman-cell-observatory/skin-ILCs","https://github.com/klarman-cell-observatory/skin-ILCs","KERNEL_NOT_FOUND","98.0","2026-02-16 10:36:00","2026-02-16 10:37:38","Jupyter kernel not found: ir"
"84","142","kratzert/Caravan","github","https://github.com/kratzert/Caravan","https://github.com/kratzert/Caravan","SUCCESS","74.0","2026-02-16 10:37:39","2026-02-16 10:38:53","Repository executed successfully"
"85","146","microsoft/genomicsnotebook","github","https://github.com/microsoft/genomicsnotebook","https://github.com/microsoft/genomicsnotebook","SUCCESS","631.0","2026-02-18 21:28:13","2026-02-18 21:38:44","Repository executed successfully"
"87","159","guijacquemet/Fast4DReg","github","https://github.com/guijacquemet/Fast4DReg","https://github.com/guijacquemet/Fast4DReg","SUCCESS","59.0","2026-02-16 10:52:07","2026-02-16 10:53:06","Repository executed successfully"
"88","163","ucph-rka/ScreenDB","github","https://github.com/ucph-rka/ScreenDB","https://github.com/ucph-rka/ScreenDB","SUCCESS","43.0","2026-02-16 10:53:06","2026-02-16 10:53:49","Repository executed successfully"
"89","165","zj-zhang/CHARM-AlternativeSplicing","github","https://github.com/zj-zhang/CHARM-AlternativeSplicing","https://github.com/zj-zhang/CHARM-AlternativeSplicing","SUCCESS","297.0","2026-02-16 10:53:49","2026-02-16 10:58:46","Repository executed successfully"
"90","167","AstraZeneca/jazzy","github","https://github.com/AstraZeneca/jazzy","https://github.com/AstraZeneca/jazzy","SUCCESS","104.0","2026-02-16 10:58:46","2026-02-16 11:00:30","Repository executed successfully"
"91","168","AurelienCD/DeepHybridLearning_RadiotherapyQA_Depository_ManuscriptID_22-1397","github","https://github.com/AurelienCD/DeepHybridLearning_RadiotherapyQA_Depository_ManuscriptID_22-1397","https://github.com/AurelienCD/DeepHybridLearning_RadiotherapyQA_Depository_ManuscriptID_22-1397","SUCCESS","168.0","2026-02-16 11:00:30","2026-02-16 11:03:18","Repository executed successfully"
"92","169","AurelienCD/DeepHybridLearning_RadiotherapyQA_Depository_ManuscriptID_Diagnostics","github","https://github.com/AurelienCD/DeepHybridLearning_RadiotherapyQA_Depository_ManuscriptID_Diagnostics","https://github.com/AurelienCD/DeepHybridLearning_RadiotherapyQA_Depository_ManuscriptID_Diagnostics","SUCCESS","163.0","2026-02-16 11:03:18","2026-02-16 11:06:01","Repository executed successfully"
"93","172","tnowotny/bee_al_2021","github","https://github.com/tnowotny/bee_al_2021","https://github.com/tnowotny/bee_al_2021","SUCCESS","70.0","2026-02-16 11:06:01","2026-02-16 11:07:11","Repository executed successfully"
"94","173","Luthey-Schulten-Lab/Lattice_Microbes","github","https://github.com/Luthey-Schulten-Lab/Lattice_Microbes","https://github.com/Luthey-Schulten-Lab/Lattice_Microbes","KERNEL_NOT_FOUND","98.0","2026-02-16 11:07:11","2026-02-16 11:08:49","Jupyter kernel not found: python2"
"95","174","Luthey-Schulten-Lab/Minimal_Cell","github","https://github.com/Luthey-Schulten-Lab/Minimal_Cell","https://github.com/Luthey-Schulten-Lab/Minimal_Cell","MODULE_NOT_FOUND","433.0","2026-02-16 11:08:49","2026-02-16 11:16:02","Missing Python module: pkg_resources"
"96","176","zanert2/Thornburg_FrontMolBiosci_2019","github","https://github.com/zanert2/Thornburg_FrontMolBiosci_2019","https://github.com/zanert2/Thornburg_FrontMolBiosci_2019","SUCCESS","73.0","2026-02-16 11:16:02","2026-02-16 11:17:15","Repository executed successfully"
"97","177","rene2718/EIRINI_rnaseq","github","https://github.com/rene2718/EIRINI_rnaseq","https://github.com/rene2718/EIRINI_rnaseq","SUCCESS","134.0","2026-02-16 12:04:42","2026-02-16 12:06:56","Repository executed successfully"
"98","179","lstrgar/seg-eval","github","https://github.com/lstrgar/seg-eval","https://github.com/lstrgar/seg-eval","SUCCESS","69.0","2026-02-16 12:06:56","2026-02-16 12:08:05","Repository executed successfully"
"99","186","hms-dbmi/vizarr","github","https://github.com/hms-dbmi/vizarr","https://github.com/hms-dbmi/vizarr","SUCCESS","17.0","2026-02-16 12:08:05","2026-02-16 12:08:22","Repository executed successfully"
"100","194","fsspec/kerchunk","github","https://github.com/fsspec/kerchunk","https://github.com/fsspec/kerchunk","SUCCESS","1290.0","2026-02-16 12:08:22","2026-02-16 12:29:52","Repository executed successfully"
"101","196","ome/omero-guide-python","github","https://github.com/ome/omero-guide-python","https://github.com/ome/omero-guide-python","KERNEL_NOT_FOUND","704.0","2026-02-16 12:55:48","2026-02-16 13:07:32","Jupyter kernel not found: omero-guide-python"
"112","474","WahlinLab/Retinal-Organoid-ATAC-RNAseq_Cells_2022","github","https://github.com/WahlinLab/Retinal-Organoid-ATAC-RNAseq_Cells_2022","https://github.com/WahlinLab/Retinal-Organoid-ATAC-RNAseq_Cells_2022","SUCCESS","157.0","2026-02-18 12:38:54","2026-02-18 12:41:31","Repository executed successfully"
"114","4641","DanJeffries/My_misc_scripts","github","https://github.com/DanJeffries/My_misc_scripts","https://github.com/DanJeffries/My_misc_scripts","SUCCESS","664.0","2026-02-19 00:01:16","2026-02-19 00:12:20","Repository executed successfully"
"115","1684","indralab/pybiopax","github","https://github.com/indralab/pybiopax","https://github.com/indralab/pybiopax","SUCCESS","378.0","2026-02-18 13:38:12","2026-02-18 13:44:30","Repository executed successfully"
"116","645","pauljaffe/lumos-ncpt-tools","github","https://github.com/pauljaffe/lumos-ncpt-tools","https://github.com/pauljaffe/lumos-ncpt-tools","SUCCESS","117.0","2026-02-18 13:47:15","2026-02-18 13:49:12","Repository executed successfully"
"117","646","ammarcsj/ecoli_survival_scoring","github","https://github.com/ammarcsj/ecoli_survival_scoring","https://github.com/ammarcsj/ecoli_survival_scoring","SUCCESS","118.0","2026-02-18 13:49:51","2026-02-18 13:51:49","Repository executed successfully"
"118","761","Surabhivj/BRANEnet","github","https://github.com/Surabhivj/BRANEnet","https://github.com/Surabhivj/BRANEnet","SUCCESS","19.0","2026-02-18 13:53:08","2026-02-18 13:53:27","Repository executed successfully"
"119","886","DataResponsibly/hiring-stability-audit","github","https://github.com/DataResponsibly/hiring-stability-audit","https://github.com/DataResponsibly/hiring-stability-audit","SUCCESS","54.0","2026-02-18 14:12:46","2026-02-18 14:13:40","Repository executed successfully"
"120","5005","IDR/idr-notebooks","github","https://github.com/IDR/idr-notebooks","https://github.com/IDR/idr-notebooks","SUCCESS","505.0","2026-02-18 18:17:28","2026-02-18 18:25:52","Repository executed successfully"
"121","4337","dfm/emcee","github","https://github.com/dfm/emcee","https://github.com/dfm/emcee","SUCCESS","434.0","2026-02-18 15:04:15","2026-02-18 15:11:29","Repository executed successfully"
"122","3836","schlegelp/navis","github","https://github.com/schlegelp/navis","https://github.com/schlegelp/navis","MODULE_NOT_FOUND","820.0","2026-02-18 15:15:12","2026-02-18 15:28:52","Missing Python module: notebook.services"
"123","353","scikit-learn-contrib/hdbscan","github","https://github.com/scikit-learn-contrib/hdbscan","https://github.com/scikit-learn-contrib/hdbscan","KERNEL_NOT_FOUND","203.0","2026-02-18 15:30:51","2026-02-18 15:34:14","Jupyter kernel not found: python2"
"124","415","cerlymarco/linear-tree","github","https://github.com/cerlymarco/linear-tree","https://github.com/cerlymarco/linear-tree","KERNEL_NOT_FOUND","74.0","2026-02-18 15:37:37","2026-02-18 15:38:51","Jupyter kernel not found: conda-env-prova-py"
"126","5075","iminuit/iminuit","github","https://github.com/iminuit/iminuit","https://github.com/iminuit/iminuit","SUCCESS","626.0","2026-02-18 15:48:16","2026-02-18 15:58:42","Repository executed successfully"
"127","3798","alessaan/rhapsody-in-blue","github","https://github.com/alessaan/rhapsody-in-blue","https://github.com/alessaan/rhapsody-in-blue","SUCCESS","231.0","2026-02-18 15:59:09","2026-02-18 16:03:00","Repository executed successfully"
"138","3015","ChristianMarzahl/Exact","github","https://github.com/ChristianMarzahl/Exact","https://github.com/ChristianMarzahl/Exact","SUCCESS","769.0","2026-02-18 22:45:12","2026-02-18 22:58:01","Repository executed successfully"
"139","2052","tensorflow/docs-l10n","github","https://github.com/tensorflow/docs-l10n","https://github.com/tensorflow/docs-l10n","NO_PYTHON_NOTEBOOKS","0.0","2026-02-18 23:01:02","2026-02-18 23:01:02","Repository contains only non-Python notebooks"
"140","3078","coskunlab/Ion-Beam-Tomography","github","https://github.com/coskunlab/Ion-Beam-Tomography","https://github.com/coskunlab/Ion-Beam-Tomography","SUCCESS","826.0","2026-02-18 23:01:59","2026-02-18 23:15:45","Repository executed successfully"
