id,repository_run_id,notebook_execution_id,repository_id,notebook_id,total_code_cells,identical_cells_count,different_cells_count,nondeterministic_cells_count,reproducibility_score,created_at
1,1,1,3,1,22,2,20,1,0.091,2026-02-15 23:52:57
2,3,2,8,3,23,3,20,0,0.13,2026-02-16 00:02:01
3,3,3,8,4,10,4,6,0,0.4,2026-02-16 00:02:03
4,3,4,8,5,25,3,22,0,0.12,2026-02-16 00:02:05
5,3,5,8,6,9,3,6,0,0.333,2026-02-16 00:02:06
6,3,6,8,7,26,3,23,0,0.115,2026-02-16 00:02:08
7,5,7,10,13,11,2,9,0,0.182,2026-02-16 00:03:48
8,7,8,14,27,39,38,1,0,0.974,2026-02-16 00:30:23
9,7,9,14,28,9,7,2,0,0.778,2026-02-16 00:30:25
10,7,10,14,29,18,9,9,0,0.5,2026-02-16 00:30:27
11,8,11,15,30,20,17,3,0,0.85,2026-02-16 00:31:52
12,8,12,15,31,12,9,3,0,0.75,2026-02-16 00:31:54
13,9,13,16,32,10,6,4,2,0.6,2026-02-16 01:21:18
14,9,14,16,34,21,9,12,4,0.429,2026-02-16 01:21:48
15,9,15,16,35,27,5,22,1,0.185,2026-02-16 01:21:49
16,9,16,16,36,17,9,8,4,0.529,2026-02-16 01:21:55
17,9,17,16,37,10,2,8,1,0.2,2026-02-16 01:21:57
18,10,18,17,38,8,1,7,0,0.125,2026-02-16 01:23:21
19,10,19,17,39,5,3,2,0,0.6,2026-02-16 01:23:21
20,10,20,17,40,18,4,14,0,0.222,2026-02-16 01:23:22
21,10,21,17,41,24,2,22,0,0.083,2026-02-16 01:23:23
22,10,22,17,42,12,2,10,0,0.167,2026-02-16 01:23:24
23,10,23,17,43,6,4,2,0,0.667,2026-02-16 01:23:25
24,10,24,17,45,21,2,19,0,0.095,2026-02-16 01:23:26
25,10,25,17,46,23,2,21,0,0.087,2026-02-16 01:23:27
26,12,26,22,53,4,0,4,0,0.0,2026-02-16 01:25:16
27,12,27,22,54,9,4,5,0,0.444,2026-02-16 01:25:17
28,12,28,22,55,7,1,6,0,0.143,2026-02-16 01:25:18
29,12,29,22,56,2,0,2,0,0.0,2026-02-16 01:25:18
30,12,30,22,57,3,0,3,0,0.0,2026-02-16 01:25:19
31,12,31,22,58,7,1,6,0,0.143,2026-02-16 01:25:20
32,12,32,22,59,5,0,5,0,0.0,2026-02-16 01:25:21
33,13,33,24,60,11,1,10,0,0.091,2026-02-16 01:26:07
34,16,34,27,82,9,2,7,0,0.222,2026-02-16 01:36:48
35,16,35,27,83,39,9,30,0,0.231,2026-02-16 01:36:49
36,17,36,30,84,18,10,8,0,0.556,2026-02-16 01:43:29
37,17,37,30,85,38,28,10,0,0.737,2026-02-16 01:43:30
38,17,38,30,86,10,2,8,0,0.2,2026-02-16 01:43:31
39,18,39,31,87,25,11,14,1,0.44,2026-02-16 01:45:13
40,19,40,32,88,14,6,8,0,0.429,2026-02-16 01:51:05
41,19,41,32,89,14,6,8,0,0.429,2026-02-16 01:51:06
42,20,42,33,90,32,5,27,0,0.156,2026-02-16 01:51:45
43,22,43,35,98,17,4,13,0,0.235,2026-02-16 01:53:44
44,23,44,36,99,8,3,5,3,0.375,2026-02-16 01:54:14
45,24,45,37,100,5,2,3,0,0.4,2026-02-16 01:58:12
46,24,46,37,101,3,0,3,0,0.0,2026-02-16 01:58:13
47,24,47,37,102,3,1,2,0,0.333,2026-02-16 01:58:14
48,24,48,37,103,7,5,2,2,0.714,2026-02-16 01:58:15
49,24,49,37,104,3,0,3,0,0.0,2026-02-16 01:58:16
50,24,50,37,105,23,2,21,0,0.087,2026-02-16 01:58:17
51,24,51,37,106,12,2,10,0,0.167,2026-02-16 01:58:18
52,24,52,37,107,56,2,54,0,0.036,2026-02-16 01:58:19
53,24,53,37,108,12,4,8,0,0.333,2026-02-16 01:58:20
54,24,54,37,109,56,2,54,0,0.036,2026-02-16 01:58:21
55,24,55,37,110,56,2,54,0,0.036,2026-02-16 01:58:22
56,24,56,37,111,13,8,5,1,0.615,2026-02-16 01:58:23
57,24,57,37,112,13,4,9,1,0.308,2026-02-16 01:58:24
58,24,58,37,113,7,3,4,1,0.429,2026-02-16 01:58:25
59,24,59,37,114,10,5,5,0,0.5,2026-02-16 01:58:26
60,24,60,37,115,6,1,5,0,0.167,2026-02-16 01:58:26
61,24,61,37,116,6,0,6,0,0.0,2026-02-16 01:58:27
62,24,62,37,117,31,1,30,0,0.032,2026-02-16 01:58:28
63,24,63,37,118,5,2,3,0,0.4,2026-02-16 01:58:29
64,24,64,37,119,4,1,3,0,0.25,2026-02-16 01:58:30
65,24,65,37,120,3,1,2,0,0.333,2026-02-16 01:58:31
66,24,66,37,121,7,0,7,0,0.0,2026-02-16 01:58:32
67,24,67,37,122,3,1,2,0,0.333,2026-02-16 01:58:33
68,24,68,37,123,6,1,5,0,0.167,2026-02-16 01:58:34
69,24,69,37,124,10,1,9,0,0.1,2026-02-16 01:58:35
70,26,70,39,137,10,1,9,0,0.1,2026-02-16 02:08:58
71,28,71,41,149,2,1,1,0,0.5,2026-02-16 02:12:00
72,28,72,41,151,3,1,2,0,0.333,2026-02-16 02:12:01
73,28,73,41,152,9,6,3,0,0.667,2026-02-16 02:12:03
74,28,74,41,153,9,6,3,1,0.667,2026-02-16 02:12:04
75,28,75,41,154,9,3,6,1,0.333,2026-02-16 02:12:05
76,28,76,41,155,8,7,1,3,0.875,2026-02-16 02:12:06
77,28,77,41,156,4,1,3,0,0.25,2026-02-16 02:12:06
78,28,78,41,157,10,2,8,1,0.2,2026-02-16 02:12:07
79,29,79,42,158,6,1,5,0,0.167,2026-02-16 02:12:26
80,31,80,49,162,6,2,4,1,0.333,2026-02-16 02:18:46
81,31,81,49,163,16,3,13,4,0.188,2026-02-16 02:18:47
82,31,82,49,164,35,3,32,4,0.086,2026-02-16 02:18:48
83,31,83,49,165,22,2,20,7,0.091,2026-02-16 02:18:49
84,31,84,49,166,32,4,28,8,0.125,2026-02-16 02:18:50
85,31,85,49,167,36,6,30,4,0.167,2026-02-16 02:18:51
86,31,86,49,168,39,3,36,5,0.077,2026-02-16 02:18:52
87,31,87,49,169,9,4,5,0,0.444,2026-02-16 02:18:53
88,31,88,49,170,22,2,20,7,0.091,2026-02-16 02:18:54
89,32,89,51,171,15,4,11,0,0.267,2026-02-16 02:19:36
90,32,90,51,172,15,5,10,0,0.333,2026-02-16 02:19:38
91,33,91,52,173,25,2,23,1,0.08,2026-02-16 02:20:17
92,33,92,52,174,58,1,57,1,0.017,2026-02-16 02:20:18
93,38,93,59,215,0,0,0,0,1.0,2026-02-16 02:32:09
94,38,94,59,216,7,0,7,0,0.0,2026-02-16 02:32:10
95,38,95,59,217,7,0,7,1,0.0,2026-02-16 02:32:11
96,38,96,59,218,24,1,23,0,0.042,2026-02-16 02:32:12
97,38,97,59,219,0,0,0,0,1.0,2026-02-16 02:32:13
98,38,98,59,220,13,1,12,0,0.077,2026-02-16 02:32:14
99,38,99,59,221,8,1,7,0,0.125,2026-02-16 02:32:15
100,38,100,59,222,13,1,12,0,0.077,2026-02-16 02:32:16
101,38,101,59,223,10,1,9,0,0.1,2026-02-16 02:32:17
102,38,102,59,224,12,1,11,0,0.083,2026-02-16 02:32:18
103,38,103,59,225,13,0,13,0,0.0,2026-02-16 02:32:19
104,38,104,59,226,5,0,5,0,0.0,2026-02-16 02:32:20
105,38,105,59,227,9,0,9,1,0.0,2026-02-16 02:32:21
106,38,106,59,228,16,2,14,0,0.125,2026-02-16 02:32:22
107,38,107,59,229,5,0,5,0,0.0,2026-02-16 02:32:22
108,38,108,59,230,12,1,11,1,0.083,2026-02-16 02:32:23
109,38,109,59,231,6,0,6,0,0.0,2026-02-16 02:32:24
110,38,110,59,232,18,0,18,0,0.0,2026-02-16 02:32:25
111,39,111,60,233,4,0,4,0,0.0,2026-02-16 07:03:45
112,39,112,60,234,2,0,2,0,0.0,2026-02-16 07:03:46
113,41,113,65,236,19,0,19,0,0.0,2026-02-16 07:04:39
114,43,114,69,241,31,9,22,0,0.29,2026-02-16 07:05:50
115,44,115,70,242,12,3,9,0,0.25,2026-02-16 07:07:27
116,44,116,70,243,6,1,5,0,0.167,2026-02-16 07:07:28
117,44,117,70,244,6,1,5,0,0.167,2026-02-16 07:07:28
118,44,118,70,245,7,3,4,0,0.429,2026-02-16 07:07:29
119,44,119,70,246,11,1,10,0,0.091,2026-02-16 07:07:30
120,44,120,70,247,13,3,10,0,0.231,2026-02-16 07:07:31
121,44,121,70,248,11,0,11,1,0.0,2026-02-16 07:07:32
122,44,122,70,249,16,3,13,0,0.188,2026-02-16 07:07:33
123,44,123,70,250,19,3,16,0,0.158,2026-02-16 07:07:34
124,44,124,70,251,6,1,5,0,0.167,2026-02-16 07:07:35
125,44,125,70,252,10,1,9,0,0.1,2026-02-16 07:07:36
126,44,126,70,253,7,3,4,0,0.429,2026-02-16 07:07:37
127,48,127,77,319,17,0,17,0,0.0,2026-02-16 07:20:18
128,48,128,77,320,7,0,7,0,0.0,2026-02-16 07:20:19
129,48,129,77,321,15,0,15,0,0.0,2026-02-16 07:20:20
130,48,130,77,322,25,0,25,0,0.0,2026-02-16 07:20:21
131,48,131,77,323,0,0,0,0,1.0,2026-02-16 07:20:22
132,48,132,77,324,0,0,0,0,1.0,2026-02-16 07:20:22
133,48,133,77,325,30,0,30,5,0.0,2026-02-16 07:20:23
134,48,134,77,326,24,1,23,0,0.042,2026-02-16 07:20:24
135,48,135,77,327,13,0,13,0,0.0,2026-02-16 07:20:25
136,48,136,77,328,45,1,44,1,0.022,2026-02-16 07:20:26
137,48,137,77,329,21,0,21,0,0.0,2026-02-16 07:20:27
138,48,138,77,330,1,0,1,0,0.0,2026-02-16 07:20:28
139,48,139,77,331,13,0,13,0,0.0,2026-02-16 07:20:29
140,48,140,77,332,6,0,6,1,0.0,2026-02-16 07:20:30
141,48,141,77,333,12,0,12,2,0.0,2026-02-16 07:20:31
142,50,142,79,373,1,1,0,0,1.0,2026-02-16 07:22:07
143,50,143,79,374,21,1,20,0,0.048,2026-02-16 07:22:08
144,50,144,79,375,5,1,4,0,0.2,2026-02-16 07:22:09
145,50,145,79,376,5,3,2,1,0.6,2026-02-16 07:22:09
146,50,146,79,377,36,4,32,1,0.111,2026-02-16 07:22:12
147,50,147,79,378,37,11,26,0,0.297,2026-02-16 07:22:13
148,50,148,79,379,37,11,26,0,0.297,2026-02-16 07:22:14
149,53,149,82,385,11,4,7,0,0.364,2026-02-16 07:25:28
150,53,150,82,386,5,1,4,0,0.2,2026-02-16 07:25:29
151,53,151,82,387,18,1,17,0,0.056,2026-02-16 07:25:37
152,54,152,83,388,27,13,14,2,0.481,2026-02-16 07:28:38
153,54,153,83,389,27,18,9,0,0.667,2026-02-16 07:28:39
154,54,154,83,390,67,30,37,0,0.448,2026-02-16 07:28:42
155,54,155,83,391,7,2,5,1,0.286,2026-02-16 07:28:43
156,54,156,83,392,11,3,8,1,0.273,2026-02-16 07:28:45
157,55,157,84,393,4,1,3,0,0.25,2026-02-16 07:30:26
158,55,158,84,394,19,2,17,0,0.105,2026-02-16 07:30:27
159,55,159,84,395,9,2,7,0,0.222,2026-02-16 07:30:29
160,55,160,84,396,16,1,15,0,0.062,2026-02-16 07:30:31
161,55,161,84,397,0,0,0,0,1.0,2026-02-16 07:30:32
162,56,162,86,398,17,2,15,1,0.118,2026-02-16 07:31:48
163,56,163,86,399,7,2,5,1,0.286,2026-02-16 07:31:50
164,57,164,88,400,8,6,2,0,0.75,2026-02-16 07:33:07
165,57,165,88,401,8,6,2,0,0.75,2026-02-16 07:33:08
166,57,166,88,402,10,6,4,0,0.6,2026-02-16 07:33:10
167,57,167,88,403,13,10,3,0,0.769,2026-02-16 07:33:12
168,57,168,88,404,7,3,4,0,0.429,2026-02-16 07:33:13
169,57,169,88,405,11,8,3,0,0.727,2026-02-16 07:33:15
170,61,170,97,424,10,0,10,1,0.0,2026-02-16 07:39:18
171,61,171,97,425,10,0,10,1,0.0,2026-02-16 07:39:20
172,62,172,98,426,48,8,40,2,0.167,2026-02-16 07:45:39
173,63,173,99,427,11,1,10,0,0.091,2026-02-16 07:48:54
174,63,174,99,428,16,1,15,0,0.062,2026-02-16 07:48:55
175,63,175,99,429,30,0,30,0,0.0,2026-02-16 07:48:57
176,64,176,101,430,20,10,10,0,0.5,2026-02-16 07:50:02
177,66,177,106,432,19,1,18,0,0.053,2026-02-16 07:52:43
178,67,178,109,433,9,1,8,0,0.111,2026-02-16 07:54:18
179,67,179,109,434,1,1,0,0,1.0,2026-02-16 07:54:20
180,67,180,109,435,112,2,110,0,0.018,2026-02-16 07:54:23
181,67,181,109,436,11,5,6,0,0.455,2026-02-16 07:54:25
182,67,182,109,437,1,1,0,0,1.0,2026-02-16 07:54:26
183,68,183,112,438,8,1,7,0,0.125,2026-02-16 07:56:00
184,68,184,112,439,13,0,13,0,0.0,2026-02-16 07:56:02
185,68,185,112,440,19,1,18,1,0.053,2026-02-16 07:56:04
186,68,186,112,441,13,0,13,0,0.0,2026-02-16 07:56:06
187,68,187,112,442,13,1,12,0,0.077,2026-02-16 07:56:08
188,69,188,113,443,19,8,11,0,0.421,2026-02-16 07:59:50
189,69,189,113,444,19,8,11,0,0.421,2026-02-16 07:59:52
190,69,190,113,445,9,4,5,0,0.444,2026-02-16 07:59:53
191,69,191,113,446,19,8,11,0,0.421,2026-02-16 07:59:55
192,69,192,113,447,47,15,32,0,0.319,2026-02-16 07:59:57
193,69,193,113,448,8,2,6,0,0.25,2026-02-16 07:59:58
194,69,194,113,449,9,4,5,0,0.444,2026-02-16 08:00:00
195,69,195,113,450,15,6,9,0,0.4,2026-02-16 08:00:02
196,69,196,113,451,17,4,13,0,0.235,2026-02-16 08:00:03
197,69,197,113,452,11,4,7,0,0.364,2026-02-16 08:00:05
198,70,198,114,453,16,0,16,0,0.0,2026-02-16 08:04:29
199,70,199,114,454,19,1,18,0,0.053,2026-02-16 08:04:31
200,70,200,114,455,19,3,16,0,0.158,2026-02-16 08:04:33
201,70,201,114,456,10,1,9,0,0.1,2026-02-16 08:04:35
202,72,202,116,459,3,2,1,0,0.667,2026-02-16 09:46:11
203,72,203,116,460,7,1,6,0,0.143,2026-02-16 09:46:13
204,72,204,116,461,20,5,15,0,0.25,2026-02-16 09:46:14
205,72,205,116,462,10,2,8,0,0.2,2026-02-16 09:46:16
206,72,206,116,463,9,0,9,0,0.0,2026-02-16 09:46:17
207,72,207,116,464,9,0,9,0,0.0,2026-02-16 09:46:19
208,72,208,116,465,34,13,21,0,0.382,2026-02-16 09:46:20
209,72,209,116,466,16,2,14,0,0.125,2026-02-16 09:46:22
210,72,210,116,467,15,5,10,0,0.333,2026-02-16 09:46:23
211,73,211,117,469,33,3,30,0,0.091,2026-02-16 09:50:50
212,73,212,117,470,21,5,16,0,0.238,2026-02-16 09:50:52
213,73,213,117,471,39,11,28,0,0.282,2026-02-16 09:50:56
214,73,214,117,472,19,2,17,0,0.105,2026-02-16 09:50:58
215,73,215,117,473,32,6,26,0,0.188,2026-02-16 09:51:02
216,74,216,125,474,10,4,6,0,0.4,2026-02-16 09:53:19
217,74,217,125,475,11,5,6,0,0.455,2026-02-16 09:53:20
218,74,218,125,476,6,3,3,0,0.5,2026-02-16 09:53:22
219,75,219,126,477,19,2,17,0,0.105,2026-02-16 10:03:50
220,75,220,126,478,63,3,60,0,0.048,2026-02-16 10:03:52
221,75,221,126,479,27,1,26,0,0.037,2026-02-16 10:03:54
222,75,222,126,480,24,1,23,0,0.042,2026-02-16 10:03:56
223,75,223,126,481,39,3,36,0,0.077,2026-02-16 10:03:58
224,75,224,126,482,39,1,38,0,0.026,2026-02-16 10:03:59
225,75,225,126,483,13,1,12,0,0.077,2026-02-16 10:04:01
226,75,226,126,484,86,0,86,0,0.0,2026-02-16 10:04:03
227,76,227,127,485,8,1,7,0,0.125,2026-02-16 10:14:59
228,76,228,127,486,9,5,4,0,0.556,2026-02-16 10:15:01
229,76,229,127,487,12,7,5,0,0.583,2026-02-16 10:15:02
230,76,230,127,488,15,7,8,0,0.467,2026-02-16 10:15:04
231,76,231,127,489,10,6,4,0,0.6,2026-02-16 10:15:06
232,76,232,127,490,10,2,8,0,0.2,2026-02-16 10:15:07
233,76,233,127,491,7,0,7,1,0.0,2026-02-16 10:15:09
234,76,234,127,492,9,2,7,0,0.222,2026-02-16 10:15:10
235,76,235,127,493,31,2,29,1,0.065,2026-02-16 10:15:17
236,77,236,128,494,24,4,20,0,0.167,2026-02-16 10:17:16
237,77,237,128,495,24,4,20,0,0.167,2026-02-16 10:17:19
238,77,238,128,496,24,4,20,0,0.167,2026-02-16 10:17:22
239,77,239,128,497,24,4,20,0,0.167,2026-02-16 10:17:25
240,77,240,128,498,24,4,20,0,0.167,2026-02-16 10:17:27
241,77,241,128,499,7,1,6,0,0.143,2026-02-16 10:17:29
242,77,242,128,500,33,6,27,0,0.182,2026-02-16 10:17:31
243,77,243,128,501,25,5,20,0,0.2,2026-02-16 10:17:34
244,79,244,134,519,4,0,4,0,0.0,2026-02-16 10:34:55
245,79,245,134,520,3,1,2,0,0.333,2026-02-16 10:34:56
246,79,246,134,521,3,0,3,0,0.0,2026-02-16 10:34:58
247,79,247,134,522,8,0,8,0,0.0,2026-02-16 10:35:00
248,79,248,134,523,3,0,3,0,0.0,2026-02-16 10:35:01
249,80,249,135,524,5,2,3,0,0.4,2026-02-16 10:35:26
250,81,250,136,525,3,1,2,0,0.333,2026-02-16 10:35:46
251,84,251,142,541,18,5,13,0,0.278,2026-02-16 10:38:51
252,84,252,142,542,13,3,10,0,0.231,2026-02-16 10:38:53
253,87,253,159,604,4,0,4,1,0.0,2026-02-16 10:53:05
254,88,254,163,605,9,0,9,0,0.0,2026-02-16 10:53:48
255,89,255,165,606,30,8,22,2,0.267,2026-02-16 10:58:11
256,89,256,165,607,16,6,10,1,0.375,2026-02-16 10:58:13
257,89,257,165,608,20,4,16,2,0.2,2026-02-16 10:58:15
258,89,258,165,609,12,2,10,0,0.167,2026-02-16 10:58:16
259,89,259,165,610,48,3,45,3,0.062,2026-02-16 10:58:19
260,89,260,165,611,47,4,43,3,0.085,2026-02-16 10:58:21
261,89,261,165,612,29,4,25,2,0.138,2026-02-16 10:58:23
262,89,262,165,613,61,5,56,2,0.082,2026-02-16 10:58:25
263,89,263,165,614,13,2,11,1,0.154,2026-02-16 10:58:27
264,89,264,165,615,25,3,22,2,0.12,2026-02-16 10:58:29
265,89,265,165,616,48,3,45,3,0.062,2026-02-16 10:58:31
266,89,266,165,617,47,3,44,3,0.064,2026-02-16 10:58:33
267,89,267,165,618,42,6,36,2,0.143,2026-02-16 10:58:36
268,89,268,165,619,31,5,26,2,0.161,2026-02-16 10:58:38
269,89,269,165,620,17,3,14,2,0.176,2026-02-16 10:58:40
270,89,270,165,621,33,2,31,2,0.061,2026-02-16 10:58:41
271,89,271,165,622,25,5,20,2,0.2,2026-02-16 10:58:43
272,89,272,165,623,31,6,25,2,0.194,2026-02-16 10:58:45
273,90,273,167,624,11,4,7,0,0.364,2026-02-16 11:00:24
274,90,274,167,625,13,7,6,0,0.538,2026-02-16 11:00:26
275,90,275,167,626,9,4,5,0,0.444,2026-02-16 11:00:28
276,90,276,167,627,13,7,6,0,0.538,2026-02-16 11:00:30
277,91,277,168,628,36,1,35,0,0.028,2026-02-16 11:03:16
278,91,278,168,629,28,1,27,0,0.036,2026-02-16 11:03:18
279,92,279,169,630,36,1,35,0,0.028,2026-02-16 11:05:59
280,92,280,169,631,28,1,27,0,0.036,2026-02-16 11:06:01
281,93,281,172,632,14,4,10,0,0.286,2026-02-16 11:07:05
282,93,282,172,633,5,2,3,0,0.4,2026-02-16 11:07:07
283,93,283,172,634,6,3,3,0,0.5,2026-02-16 11:07:09
284,93,284,172,635,18,4,14,0,0.222,2026-02-16 11:07:10
285,96,285,176,703,95,49,46,0,0.516,2026-02-16 11:17:11
286,96,286,176,704,94,48,46,0,0.511,2026-02-16 11:17:15
287,97,287,177,705,4,1,3,0,0.25,2026-02-16 12:06:56
288,98,288,179,706,25,6,19,0,0.24,2026-02-16 12:08:04
289,100,289,194,712,11,2,9,0,0.182,2026-02-16 12:29:38
290,100,290,194,713,14,8,6,0,0.571,2026-02-16 12:29:45
291,100,291,194,714,7,2,5,0,0.286,2026-02-16 12:29:46
292,100,292,194,715,14,2,12,0,0.143,2026-02-16 12:29:48
293,100,293,194,716,10,1,9,0,0.1,2026-02-16 12:29:50
294,100,294,194,717,13,1,12,0,0.077,2026-02-16 12:29:52
296,112,296,474,2174,4,2,2,0,0.5,2026-02-18 12:41:28
297,112,297,474,2175,4,0,4,0,0.0,2026-02-18 12:41:29
298,112,298,474,2176,4,2,2,0,0.5,2026-02-18 12:41:30
299,112,299,474,2177,6,4,2,0,0.667,2026-02-18 12:41:30
300,115,300,1684,7188,8,5,3,0,0.625,2026-02-18 13:44:26
301,115,301,1684,7189,32,0,32,0,0.0,2026-02-18 13:44:28
302,115,302,1684,7190,2,0,2,0,0.0,2026-02-18 13:44:28
303,115,303,1684,7191,17,4,13,0,0.235,2026-02-18 13:44:29
304,115,304,1684,7192,12,2,10,0,0.167,2026-02-18 13:44:30
305,116,305,645,2865,6,2,4,0,0.333,2026-02-18 13:49:12
306,117,306,646,2866,4,3,1,0,0.75,2026-02-18 13:51:42
307,117,307,646,2867,5,4,1,0,0.8,2026-02-18 13:51:43
308,117,308,646,2868,4,3,1,0,0.75,2026-02-18 13:51:48
309,117,309,646,2869,3,2,1,0,0.667,2026-02-18 13:51:49
310,118,310,761,3264,8,3,5,0,0.375,2026-02-18 13:53:27
311,119,311,886,3616,23,3,20,0,0.13,2026-02-18 14:13:35
312,119,312,886,3617,23,3,20,0,0.13,2026-02-18 14:13:36
313,119,313,886,3618,23,3,20,0,0.13,2026-02-18 14:13:37
314,119,314,886,3619,23,3,20,0,0.13,2026-02-18 14:13:38
315,119,315,886,3620,55,18,37,0,0.327,2026-02-18 14:13:40
316,121,316,4337,23149,12,10,2,2,0.833,2026-02-18 15:11:24
317,121,317,4337,23150,5,2,3,2,0.4,2026-02-18 15:11:25
318,121,318,4337,23151,10,3,7,8,0.3,2026-02-18 15:11:26
319,121,319,4337,23152,14,5,9,4,0.357,2026-02-18 15:11:27
320,121,320,4337,23153,9,4,5,2,0.444,2026-02-18 15:11:28
321,121,321,4337,23154,10,1,9,2,0.1,2026-02-18 15:11:29
322,126,322,5075,26503,1,0,1,1,0.0,2026-02-18 15:58:20
323,126,323,5075,26504,5,2,3,1,0.4,2026-02-18 15:58:21
324,126,324,5075,26505,5,1,4,2,0.2,2026-02-18 15:58:22
325,126,325,5075,26506,4,0,4,0,0.0,2026-02-18 15:58:23
326,126,326,5075,26507,5,0,5,2,0.0,2026-02-18 15:58:24
327,126,327,5075,26508,4,1,3,1,0.25,2026-02-18 15:58:25
328,126,328,5075,26509,8,3,5,1,0.375,2026-02-18 15:58:26
329,126,329,5075,26510,79,5,74,1,0.063,2026-02-18 15:58:27
330,126,330,5075,26511,7,1,6,1,0.143,2026-02-18 15:58:28
331,126,331,5075,26512,5,1,4,1,0.2,2026-02-18 15:58:29
332,126,332,5075,26513,14,4,10,2,0.286,2026-02-18 15:58:30
333,126,333,5075,26514,13,5,8,4,0.385,2026-02-18 15:58:31
334,126,334,5075,26515,4,1,3,1,0.25,2026-02-18 15:58:32
335,126,335,5075,26516,13,0,13,6,0.0,2026-02-18 15:58:33
336,126,336,5075,26517,8,0,8,3,0.0,2026-02-18 15:58:34
337,126,337,5075,26518,5,1,4,3,0.2,2026-02-18 15:58:35
338,126,338,5075,26519,22,5,17,2,0.227,2026-02-18 15:58:37
339,126,339,5075,26520,14,1,13,1,0.071,2026-02-18 15:58:38
340,126,340,5075,26521,34,0,34,3,0.0,2026-02-18 15:58:39
341,126,341,5075,26522,10,3,7,2,0.3,2026-02-18 15:58:42
342,127,342,3798,20926,19,4,15,1,0.211,2026-02-18 16:02:35
343,127,343,3798,20927,2,2,0,0,1.0,2026-02-18 16:02:35
344,127,344,3798,20928,16,6,10,1,0.375,2026-02-18 16:02:36
345,127,345,3798,20929,2,2,0,0,1.0,2026-02-18 16:02:37
346,127,346,3798,20930,12,3,9,1,0.25,2026-02-18 16:02:38
347,127,347,3798,20931,19,3,16,1,0.158,2026-02-18 16:02:39
348,127,348,3798,20932,17,4,13,1,0.235,2026-02-18 16:02:40
349,127,349,3798,20933,16,5,11,1,0.312,2026-02-18 16:02:41
350,127,350,3798,20934,15,4,11,1,0.267,2026-02-18 16:02:42
351,127,351,3798,20935,2,2,0,0,1.0,2026-02-18 16:02:43
352,127,352,3798,20936,13,4,9,1,0.308,2026-02-18 16:02:44
353,127,353,3798,20937,17,4,13,1,0.235,2026-02-18 16:02:45
354,127,354,3798,20938,16,4,12,1,0.25,2026-02-18 16:02:46
355,127,355,3798,20939,2,2,0,0,1.0,2026-02-18 16:02:47
356,127,356,3798,20940,18,2,16,1,0.111,2026-02-18 16:02:48
357,127,357,3798,20941,3,1,2,0,0.333,2026-02-18 16:02:49
358,127,358,3798,20942,107,14,93,1,0.131,2026-02-18 16:02:58
359,127,359,3798,20943,17,3,14,1,0.176,2026-02-18 16:02:59
360,127,360,3798,20944,2,2,0,0,1.0,2026-02-18 16:03:00
364,65,364,102,431,36,1,35,0,0.028,2026-02-18 17:50:44
365,11,365,20,50,19,11,8,0,0.579,2026-02-18 18:05:31
366,6,366,11,21,10,10,0,0,1.0,2026-02-18 18:10:47
367,120,367,5005,26303,17,8,9,0,0.471,2026-02-18 18:25:30
368,120,368,5005,26304,18,3,15,0,0.167,2026-02-18 18:25:31
369,120,369,5005,26305,12,2,10,0,0.167,2026-02-18 18:25:33
370,120,370,5005,26306,11,0,11,0,0.0,2026-02-18 18:25:34
371,120,371,5005,26307,11,10,1,0,0.909,2026-02-18 18:25:36
372,120,372,5005,26308,0,0,0,0,1.0,2026-02-18 18:25:37
373,120,373,5005,26309,7,0,7,0,0.0,2026-02-18 18:25:39
374,120,374,5005,26310,1,0,1,0,0.0,2026-02-18 18:25:42
375,120,375,5005,26311,18,7,11,0,0.389,2026-02-18 18:25:44
376,120,376,5005,26312,9,0,9,0,0.0,2026-02-18 18:25:45
377,120,377,5005,26313,10,2,8,0,0.2,2026-02-18 18:25:47
378,120,378,5005,26314,12,1,11,0,0.083,2026-02-18 18:25:48
379,120,379,5005,26315,13,4,9,1,0.308,2026-02-18 18:25:50
380,120,380,5005,26316,11,3,8,0,0.273,2026-02-18 18:25:51
381,60,381,91,410,25,2,23,1,0.08,2026-02-18 21:05:04
382,60,382,91,411,14,1,13,0,0.071,2026-02-18 21:05:05
383,60,383,91,412,9,1,8,0,0.111,2026-02-18 21:05:07
384,45,384,72,254,10,1,9,0,0.1,2026-02-18 21:21:14
385,45,385,72,255,20,2,18,1,0.1,2026-02-18 21:21:15
386,45,386,72,256,16,2,14,0,0.125,2026-02-18 21:21:17
387,45,387,72,257,3,1,2,0,0.333,2026-02-18 21:21:18
388,45,388,72,258,6,1,5,0,0.167,2026-02-18 21:21:20
389,45,389,72,259,19,5,14,1,0.263,2026-02-18 21:21:21
390,45,390,72,260,5,0,5,0,0.0,2026-02-18 21:21:23
391,45,391,72,261,16,5,11,1,0.312,2026-02-18 21:21:24
392,45,392,72,262,6,1,5,0,0.167,2026-02-18 21:21:26
393,45,393,72,263,53,7,46,0,0.132,2026-02-18 21:21:27
394,45,394,72,264,59,9,50,1,0.153,2026-02-18 21:21:29
395,45,395,72,265,17,3,14,0,0.176,2026-02-18 21:21:30
396,45,396,72,266,34,4,30,0,0.118,2026-02-18 21:21:32
397,45,397,72,267,21,4,17,2,0.19,2026-02-18 21:21:33
398,45,398,72,268,8,3,5,0,0.375,2026-02-18 21:21:35
399,45,399,72,269,21,4,17,0,0.19,2026-02-18 21:21:36
400,45,400,72,270,14,2,12,0,0.143,2026-02-18 21:21:38
401,85,401,146,543,2,0,2,0,0.0,2026-02-18 21:38:42
402,85,402,146,544,18,0,18,0,0.0,2026-02-18 21:38:43
406,138,406,3015,17678,19,2,17,0,0.105,2026-02-18 22:57:45
407,138,407,3015,17679,16,7,9,0,0.438,2026-02-18 22:57:47
408,138,408,3015,17680,34,7,27,3,0.206,2026-02-18 22:57:49
409,138,409,3015,17681,15,4,11,0,0.267,2026-02-18 22:57:51
410,138,410,3015,17682,42,9,33,1,0.214,2026-02-18 22:57:52
411,138,411,3015,17683,24,9,15,0,0.375,2026-02-18 22:57:54
412,138,412,3015,17684,12,5,7,0,0.417,2026-02-18 22:57:55
413,138,413,3015,17685,14,4,10,0,0.286,2026-02-18 22:57:57
414,138,414,3015,17686,27,5,22,2,0.185,2026-02-18 22:57:58
415,138,415,3015,17687,21,4,17,0,0.19,2026-02-18 22:58:00
416,138,416,3015,17688,10,4,6,0,0.4,2026-02-18 22:58:01
417,140,417,3078,17883,11,2,9,0,0.182,2026-02-18 23:14:30
418,140,418,3078,17884,10,2,8,0,0.2,2026-02-18 23:14:32
419,140,419,3078,17885,3,0,3,0,0.0,2026-02-18 23:14:34
420,140,420,3078,17886,7,0,7,0,0.0,2026-02-18 23:14:36
421,140,421,3078,17887,7,0,7,0,0.0,2026-02-18 23:14:38
422,140,422,3078,17888,7,0,7,0,0.0,2026-02-18 23:14:40
423,140,423,3078,17889,7,0,7,0,0.0,2026-02-18 23:14:42
424,140,424,3078,17890,7,0,7,0,0.0,2026-02-18 23:14:44
425,140,425,3078,17891,7,0,7,0,0.0,2026-02-18 23:14:45
426,140,426,3078,17892,7,0,7,0,0.0,2026-02-18 23:14:47
427,140,427,3078,17893,6,0,6,0,0.0,2026-02-18 23:14:49
428,140,428,3078,17894,7,0,7,0,0.0,2026-02-18 23:14:51
429,140,429,3078,17895,6,0,6,0,0.0,2026-02-18 23:14:53
430,140,430,3078,17896,6,0,6,0,0.0,2026-02-18 23:14:54
431,140,431,3078,17897,7,0,7,0,0.0,2026-02-18 23:14:56
432,140,432,3078,17898,7,0,7,0,0.0,2026-02-18 23:14:58
433,140,433,3078,17899,7,0,7,0,0.0,2026-02-18 23:15:00
434,140,434,3078,17900,7,0,7,0,0.0,2026-02-18 23:15:02
435,140,435,3078,17901,5,0,5,0,0.0,2026-02-18 23:15:04
436,140,436,3078,17902,7,0,7,0,0.0,2026-02-18 23:15:06
437,140,437,3078,17903,7,0,7,0,0.0,2026-02-18 23:15:08
438,140,438,3078,17904,7,0,7,0,0.0,2026-02-18 23:15:09
439,140,439,3078,17905,7,0,7,0,0.0,2026-02-18 23:15:11
440,140,440,3078,17906,7,0,7,0,0.0,2026-02-18 23:15:13
441,140,441,3078,17907,6,0,6,0,0.0,2026-02-18 23:15:15
442,140,442,3078,17908,7,0,7,0,0.0,2026-02-18 23:15:17
443,140,443,3078,17909,7,0,7,0,0.0,2026-02-18 23:15:19
444,140,444,3078,17910,3,1,2,1,0.333,2026-02-18 23:15:21
445,140,445,3078,17911,52,11,41,0,0.212,2026-02-18 23:15:34
446,140,446,3078,17912,4,0,4,0,0.0,2026-02-18 23:15:37
447,140,447,3078,17913,28,6,22,0,0.214,2026-02-18 23:15:39
448,140,448,3078,17914,26,8,18,0,0.308,2026-02-18 23:15:41
449,140,449,3078,17915,26,6,20,0,0.231,2026-02-18 23:15:43
450,140,450,3078,17916,28,6,22,0,0.214,2026-02-18 23:15:45
451,148,451,5242,27272,4,2,2,2,0.5,2026-06-15 08:03:05
